{"Dataset": {"_type": "table-file", "sha256": "a8055b42bf8b179cf1cc538bf8d14aa060b956cd651ce405734b921d39e18a30", "size": 5258, "artifact_path": "wandb-client-artifact://wsuetfqza4ci5851vwaxpvij3blkg9m4ce95rju75gpcjcly8469r3qtwv2gy5qpjx7vgybongf7h4ht6gchrfl4dmcpjtxfmzcrlx3nfu4zmr66fs89ulaw7hxra2dc/Dataset.table.json", "_latest_artifact_path": "wandb-client-artifact://lpykvktsiia4wa2wczltfz3wehz3lrppbtuubk104oqpneopg0orushpumkhn2qwtkjx95394mchol46jb43hlh54tt9lkjtnb3n2jkvmm3tmakk06mfosf6jv3ny8pq:latest/Dataset.table.json", "path": "media/table/Dataset_1_a8055b42bf8b179cf1cc.table.json", "ncols": 4, "nrows": 200}, "_timestamp": 1716172429.90547, "_runtime": 576.9670219421387, "_step": 1001, "epoch/loss": 3.0045430660247803, "epoch/val_loss": 2.8410277366638184, "epoch/epoch": 999, "_wandb": {"runtime": 310}}